Top - PE ID,Order,Top2 - PE ID,Order,Top3 - PE ID,Order,5TX - PE ID,Order,1TX_FPGA - PE ID,Order,1RX_FPGA - PE ID,Order,5TX_FPGA,Order,5RX_FPGA,Order,1TX_BAL,Order,1RX_BAL,Order,5TX_BAL,Order,5RX_BAL,Order,1TX_BIG,Order,1RX_BIG,Order,5TX_BIG,Order,5RX_BIG,Order,LD,Order,PD 64 - MULTI,Order
2,1,2,1,2,1,2,1,9,0,1,0,8,0,3,0,2,0,2,0,9,0,0,1,2,0,4,0,8,0,6,1,7,0,1,0
2,2,1,1,0,1,0,1,5,0,1,1,3,0,1,0,2,1,2,1,6,0,0,5,2,1,4,1,3,1,1,3,3,0,3,8
1,1,1,2,2,3,0,2,5,1,11,0,3,1,13,0,2,2,11,0,2,3,12,3,2,2,10,0,3,2,13,0,11,0,2,1
0,1,2,2,2,2,0,4,5,2,1,2,3,3,2,1,2,3,1,0,2,4,6,10,2,3,5,4,3,3,7,7,10,0,3,11
2,3,2,3,1,1,3,1,13,0,1,3,13,0,2,2,11,0,1,1,13,0,2,10,11,1,5,5,11,2,4,8,1,0,0,26
0,2,0,1,0,2,0,10,0,0,1,4,5,0,1,2,2,4,1,2,3,12,2,11,6,4,5,6,6,8,6,23,10,0,13,4
1,2,0,2,2,4,0,6,,,1,5,4,0,7,3,,,1,3,1,0,2,12,,,5,7,2,1,2,10,2,0,5,4
0,3,1,3,0,3,0,7,,,14,0,4,1,0,0,,,14,0,1,1,6,4,,,15,0,2,2,5,2,,,2,17
1,3,2,4,1,2,0,8,,,1,6,4,2,10,1,,,2,2,1,2,13,3,,,0,3,2,3,10,0,,,12,12
1,4,2,5,1,3,3,2,,,1,7,10,1,0,2,,,2,3,12,0,0,15,,,0,4,13,2,6,8,,,5,1
,,,,,,0,12,,,,,3,4,0,3,,,,,3,9,3,16,,,,,2,8,3,10,,,13,3
,,,,,,1,3,,,,,0,0,0,4,,,,,0,0,5,18,,,,,5,1,4,9,,,3,13
,,,,,,1,4,,,,,0,1,0,5,,,,,0,1,3,21,,,,,5,2,3,14,,,7,8
,,,,,,1,5,,,,,0,2,2,0,,,,,0,2,7,2,,,,,5,3,6,3,,,1,12
,,,,,,4,2,,,,,10,0,11,0,,,,,11,0,10,3,,,,,12,2,11,1,,,3,20
,,,,,,0,11,,,,,3,3,7,1,,,,,1,9,4,9,,,,,5,8,0,9,,,0,29
,,,,,,0,5,,,,,2,0,6,0,,,,,3,3,1,20,,,,,6,1,2,7,,,2,33
,,,,,,1,6,,,,,2,1,7,2,,,,,3,4,1,21,,,,,6,2,1,16,,,0,1
,,,,,,0,9,,,,,2,2,1,3,,,,,3,5,1,22,,,,,6,3,1,17,,,0,2
,,,,,,4,3,,,,,12,0,3,1,,,,,13,1,0,2,,,,,10,2,6,2,,,5,5
,,,,,,1,8,,,,,6,3,10,0,,,,,2,8,10,0,,,,,0,3,12,0,,,1,17
,,,,,,1,1,,,,,6,0,0,1,,,,,2,1,2,8,,,,,7,1,2,5,,,2,4
,,,,,,1,2,,,,,6,1,3,2,,,,,2,2,2,9,,,,,7,2,1,13,,,11,10
,,,,,,0,1,,,,,6,2,5,0,,,,,1,3,5,14,,,,,7,3,7,20,,,2,28
,,,,,,4,1,,,,,11,0,2,3,,,,,10,2,3,17,,,,,13,3,6,24,,,4,11
,,,,,,1,7,,,,,0,3,7,0,,,,,3,10,4,2,,,,,3,6,3,2,,,5,9
,,,,,,0,13,,,,,0,4,12,0,,,,,3,13,12,2,,,,,3,7,12,1,,,3,17
,,,,,,,,,,,,,,1,1,,,,,,,6,8,,,,,,,0,11,,,2,26
,,,,,,,,,,,,,,4,0,,,,,,,0,16,,,,,,,0,12,,,7,10
,,,,,,,,,,,,,,3,3,,,,,,,0,17,,,,,,,0,13,,,3,12
,,,,,,,,,,,,,,3,4,,,,,,,0,18,,,,,,,0,14,,,3,7
,,,,,,,,,,,,,,15,0,,,,,,,14,0,,,,,,,14,0,,,6,8
,,,,,,,,,,,,,,7,4,,,,,,,1,25,,,,,,,7,21,,,2,32
,,,,,,,,,,,,,,7,5,,,,,,,1,26,,,,,,,7,22,,,11,3
,,,,,,,,,,,,,,,,,,,,,,,,,,,,,,,,,,2,3
,,,,,,,,,,,,,,,,,,,,,,,,,,,,,,,,,,1,14
,,,,,,,,,,,,,,,,,,,,,,,,,,,,,,,,,,5,13
,,,,,,,,,,,,,,,,,,,,,,,,,,,,,,,,,,4,4
,,,,,,,,,,,,,,,,,,,,,,,,,,,,,,,,,,1,1
,,,,,,,,,,,,,,,,,,,,,,,,,,,,,,,,,,3,34
,,,,,,,,,,,,,,,,,,,,,,,,,,,,,,,,,,3,35
,,,,,,,,,,,,,,,,,,,,,,,,,,,,,,,,,,11,11
,,,,,,,,,,,,,,,,,,,,,,,,,,,,,,,,,,13,0
,,,,,,,,,,,,,,,,,,,,,,,,,,,,,,,,,,1,29
,,,,,,,,,,,,,,,,,,,,,,,,,,,,,,,,,,3,36
,,,,,,,,,,,,,,,,,,,,,,,,,,,,,,,,,,3,5
,,,,,,,,,,,,,,,,,,,,,,,,,,,,,,,,,,12,3
,,,,,,,,,,,,,,,,,,,,,,,,,,,,,,,,,,0,12
,,,,,,,,,,,,,,,,,,,,,,,,,,,,,,,,,,2,15
,,,,,,,,,,,,,,,,,,,,,,,,,,,,,,,,,,11,9
,,,,,,,,,,,,,,,,,,,,,,,,,,,,,,,,,,2,20
,,,,,,,,,,,,,,,,,,,,,,,,,,,,,,,,,,3,28
,,,,,,,,,,,,,,,,,,,,,,,,,,,,,,,,,,3,33
,,,,,,,,,,,,,,,,,,,,,,,,,,,,,,,,,,3,23
,,,,,,,,,,,,,,,,,,,,,,,,,,,,,,,,,,11,6
,,,,,,,,,,,,,,,,,,,,,,,,,,,,,,,,,,1,27
,,,,,,,,,,,,,,,,,,,,,,,,,,,,,,,,,,7,11
,,,,,,,,,,,,,,,,,,,,,,,,,,,,,,,,,,2,5
,,,,,,,,,,,,,,,,,,,,,,,,,,,,,,,,,,10,7
,,,,,,,,,,,,,,,,,,,,,,,,,,,,,,,,,,0,19
,,,,,,,,,,,,,,,,,,,,,,,,,,,,,,,,,,13,15
,,,,,,,,,,,,,,,,,,,,,,,,,,,,,,,,,,6,3
,,,,,,,,,,,,,,,,,,,,,,,,,,,,,,,,,,11,5
,,,,,,,,,,,,,,,,,,,,,,,,,,,,,,,,,,1,21
,,,,,,,,,,,,,,,,,,,,,,,,,,,,,,,,,,12,15
,,,,,,,,,,,,,,,,,,,,,,,,,,,,,,,,,,4,1
,,,,,,,,,,,,,,,,,,,,,,,,,,,,,,,,,,13,2
,,,,,,,,,,,,,,,,,,,,,,,,,,,,,,,,,,5,10
,,,,,,,,,,,,,,,,,,,,,,,,,,,,,,,,,,6,10
,,,,,,,,,,,,,,,,,,,,,,,,,,,,,,,,,,13,1
,,,,,,,,,,,,,,,,,,,,,,,,,,,,,,,,,,1,7
,,,,,,,,,,,,,,,,,,,,,,,,,,,,,,,,,,2,11
,,,,,,,,,,,,,,,,,,,,,,,,,,,,,,,,,,2,22
,,,,,,,,,,,,,,,,,,,,,,,,,,,,,,,,,,3,2
,,,,,,,,,,,,,,,,,,,,,,,,,,,,,,,,,,4,7
,,,,,,,,,,,,,,,,,,,,,,,,,,,,,,,,,,4,8
,,,,,,,,,,,,,,,,,,,,,,,,,,,,,,,,,,12,14
,,,,,,,,,,,,,,,,,,,,,,,,,,,,,,,,,,1,10
,,,,,,,,,,,,,,,,,,,,,,,,,,,,,,,,,,7,4
,,,,,,,,,,,,,,,,,,,,,,,,,,,,,,,,,,1,13
,,,,,,,,,,,,,,,,,,,,,,,,,,,,,,,,,,13,13
,,,,,,,,,,,,,,,,,,,,,,,,,,,,,,,,,,13,5
,,,,,,,,,,,,,,,,,,,,,,,,,,,,,,,,,,11,7
,,,,,,,,,,,,,,,,,,,,,,,,,,,,,,,,,,0,21
,,,,,,,,,,,,,,,,,,,,,,,,,,,,,,,,,,10,13
,,,,,,,,,,,,,,,,,,,,,,,,,,,,,,,,,,10,4
,,,,,,,,,,,,,,,,,,,,,,,,,,,,,,,,,,2,13
,,,,,,,,,,,,,,,,,,,,,,,,,,,,,,,,,,5,6
,,,,,,,,,,,,,,,,,,,,,,,,,,,,,,,,,,1,22
,,,,,,,,,,,,,,,,,,,,,,,,,,,,,,,,,,0,8
,,,,,,,,,,,,,,,,,,,,,,,,,,,,,,,,,,12,8
,,,,,,,,,,,,,,,,,,,,,,,,,,,,,,,,,,2,23
,,,,,,,,,,,,,,,,,,,,,,,,,,,,,,,,,,3,27
,,,,,,,,,,,,,,,,,,,,,,,,,,,,,,,,,,11,13
,,,,,,,,,,,,,,,,,,,,,,,,,,,,,,,,,,10,12
,,,,,,,,,,,,,,,,,,,,,,,,,,,,,,,,,,0,31
,,,,,,,,,,,,,,,,,,,,,,,,,,,,,,,,,,0,33
,,,,,,,,,,,,,,,,,,,,,,,,,,,,,,,,,,0,3
,,,,,,,,,,,,,,,,,,,,,,,,,,,,,,,,,,7,1
,,,,,,,,,,,,,,,,,,,,,,,,,,,,,,,,,,3,9
,,,,,,,,,,,,,,,,,,,,,,,,,,,,,,,,,,2,10
,,,,,,,,,,,,,,,,,,,,,,,,,,,,,,,,,,0,16
,,,,,,,,,,,,,,,,,,,,,,,,,,,,,,,,,,1,16
,,,,,,,,,,,,,,,,,,,,,,,,,,,,,,,,,,2,24
,,,,,,,,,,,,,,,,,,,,,,,,,,,,,,,,,,1,25
,,,,,,,,,,,,,,,,,,,,,,,,,,,,,,,,,,1,11
,,,,,,,,,,,,,,,,,,,,,,,,,,,,,,,,,,5,2
,,,,,,,,,,,,,,,,,,,,,,,,,,,,,,,,,,0,13
,,,,,,,,,,,,,,,,,,,,,,,,,,,,,,,,,,1,28
,,,,,,,,,,,,,,,,,,,,,,,,,,,,,,,,,,10,10
,,,,,,,,,,,,,,,,,,,,,,,,,,,,,,,,,,11,8
,,,,,,,,,,,,,,,,,,,,,,,,,,,,,,,,,,3,31
,,,,,,,,,,,,,,,,,,,,,,,,,,,,,,,,,,3,32
,,,,,,,,,,,,,,,,,,,,,,,,,,,,,,,,,,12,1
,,,,,,,,,,,,,,,,,,,,,,,,,,,,,,,,,,7,0
,,,,,,,,,,,,,,,,,,,,,,,,,,,,,,,,,,3,10
,,,,,,,,,,,,,,,,,,,,,,,,,,,,,,,,,,2,27
,,,,,,,,,,,,,,,,,,,,,,,,,,,,,,,,,,0,7
,,,,,,,,,,,,,,,,,,,,,,,,,,,,,,,,,,1,2
,,,,,,,,,,,,,,,,,,,,,,,,,,,,,,,,,,0,9
,,,,,,,,,,,,,,,,,,,,,,,,,,,,,,,,,,1,34
,,,,,,,,,,,,,,,,,,,,,,,,,,,,,,,,,,3,4
,,,,,,,,,,,,,,,,,,,,,,,,,,,,,,,,,,2,0
,,,,,,,,,,,,,,,,,,,,,,,,,,,,,,,,,,1,9
,,,,,,,,,,,,,,,,,,,,,,,,,,,,,,,,,,12,13
,,,,,,,,,,,,,,,,,,,,,,,,,,,,,,,,,,2,6
,,,,,,,,,,,,,,,,,,,,,,,,,,,,,,,,,,4,2
,,,,,,,,,,,,,,,,,,,,,,,,,,,,,,,,,,6,5
,,,,,,,,,,,,,,,,,,,,,,,,,,,,,,,,,,10,9
,,,,,,,,,,,,,,,,,,,,,,,,,,,,,,,,,,5,0
,,,,,,,,,,,,,,,,,,,,,,,,,,,,,,,,,,10,8
,,,,,,,,,,,,,,,,,,,,,,,,,,,,,,,,,,2,25
,,,,,,,,,,,,,,,,,,,,,,,,,,,,,,,,,,0,27
,,,,,,,,,,,,,,,,,,,,,,,,,,,,,,,,,,12,6
,,,,,,,,,,,,,,,,,,,,,,,,,,,,,,,,,,6,1
,,,,,,,,,,,,,,,,,,,,,,,,,,,,,,,,,,0,17
,,,,,,,,,,,,,,,,,,,,,,,,,,,,,,,,,,10,11
,,,,,,,,,,,,,,,,,,,,,,,,,,,,,,,,,,6,0
,,,,,,,,,,,,,,,,,,,,,,,,,,,,,,,,,,1,15
,,,,,,,,,,,,,,,,,,,,,,,,,,,,,,,,,,4,6
,,,,,,,,,,,,,,,,,,,,,,,,,,,,,,,,,,2,31
,,,,,,,,,,,,,,,,,,,,,,,,,,,,,,,,,,6,4
,,,,,,,,,,,,,,,,,,,,,,,,,,,,,,,,,,13,11
,,,,,,,,,,,,,,,,,,,,,,,,,,,,,,,,,,2,30
,,,,,,,,,,,,,,,,,,,,,,,,,,,,,,,,,,7,12
,,,,,,,,,,,,,,,,,,,,,,,,,,,,,,,,,,2,9
,,,,,,,,,,,,,,,,,,,,,,,,,,,,,,,,,,10,6
,,,,,,,,,,,,,,,,,,,,,,,,,,,,,,,,,,3,18
,,,,,,,,,,,,,,,,,,,,,,,,,,,,,,,,,,11,14
,,,,,,,,,,,,,,,,,,,,,,,,,,,,,,,,,,3,15
,,,,,,,,,,,,,,,,,,,,,,,,,,,,,,,,,,12,9
,,,,,,,,,,,,,,,,,,,,,,,,,,,,,,,,,,3,25
,,,,,,,,,,,,,,,,,,,,,,,,,,,,,,,,,,0,24
,,,,,,,,,,,,,,,,,,,,,,,,,,,,,,,,,,13,6
,,,,,,,,,,,,,,,,,,,,,,,,,,,,,,,,,,7,5
,,,,,,,,,,,,,,,,,,,,,,,,,,,,,,,,,,1,19
,,,,,,,,,,,,,,,,,,,,,,,,,,,,,,,,,,3,21
,,,,,,,,,,,,,,,,,,,,,,,,,,,,,,,,,,7,2
,,,,,,,,,,,,,,,,,,,,,,,,,,,,,,,,,,12,5
,,,,,,,,,,,,,,,,,,,,,,,,,,,,,,,,,,5,8
,,,,,,,,,,,,,,,,,,,,,,,,,,,,,,,,,,4,12
,,,,,,,,,,,,,,,,,,,,,,,,,,,,,,,,,,0,20
,,,,,,,,,,,,,,,,,,,,,,,,,,,,,,,,,,13,7
,,,,,,,,,,,,,,,,,,,,,,,,,,,,,,,,,,0,22
,,,,,,,,,,,,,,,,,,,,,,,,,,,,,,,,,,6,12
,,,,,,,,,,,,,,,,,,,,,,,,,,,,,,,,,,0,11
,,,,,,,,,,,,,,,,,,,,,,,,,,,,,,,,,,13,10
,,,,,,,,,,,,,,,,,,,,,,,,,,,,,,,,,,3,30
,,,,,,,,,,,,,,,,,,,,,,,,,,,,,,,,,,6,11
,,,,,,,,,,,,,,,,,,,,,,,,,,,,,,,,,,1,6
,,,,,,,,,,,,,,,,,,,,,,,,,,,,,,,,,,6,2
,,,,,,,,,,,,,,,,,,,,,,,,,,,,,,,,,,2,12
,,,,,,,,,,,,,,,,,,,,,,,,,,,,,,,,,,1,23
,,,,,,,,,,,,,,,,,,,,,,,,,,,,,,,,,,2,8
,,,,,,,,,,,,,,,,,,,,,,,,,,,,,,,,,,0,15
,,,,,,,,,,,,,,,,,,,,,,,,,,,,,,,,,,6,7
,,,,,,,,,,,,,,,,,,,,,,,,,,,,,,,,,,0,28
,,,,,,,,,,,,,,,,,,,,,,,,,,,,,,,,,,3,26
,,,,,,,,,,,,,,,,,,,,,,,,,,,,,,,,,,0,18
,,,,,,,,,,,,,,,,,,,,,,,,,,,,,,,,,,1,32
,,,,,,,,,,,,,,,,,,,,,,,,,,,,,,,,,,0,32
,,,,,,,,,,,,,,,,,,,,,,,,,,,,,,,,,,12,10
,,,,,,,,,,,,,,,,,,,,,,,,,,,,,,,,,,10,2
,,,,,,,,,,,,,,,,,,,,,,,,,,,,,,,,,,0,25
,,,,,,,,,,,,,,,,,,,,,,,,,,,,,,,,,,1,26
,,,,,,,,,,,,,,,,,,,,,,,,,,,,,,,,,,7,3
,,,,,,,,,,,,,,,,,,,,,,,,,,,,,,,,,,0,5
,,,,,,,,,,,,,,,,,,,,,,,,,,,,,,,,,,3,19
,,,,,,,,,,,,,,,,,,,,,,,,,,,,,,,,,,13,14
,,,,,,,,,,,,,,,,,,,,,,,,,,,,,,,,,,11,4
,,,,,,,,,,,,,,,,,,,,,,,,,,,,,,,,,,1,3
,,,,,,,,,,,,,,,,,,,,,,,,,,,,,,,,,,3,16
,,,,,,,,,,,,,,,,,,,,,,,,,,,,,,,,,,2,18
,,,,,,,,,,,,,,,,,,,,,,,,,,,,,,,,,,10,1
,,,,,,,,,,,,,,,,,,,,,,,,,,,,,,,,,,10,3
,,,,,,,,,,,,,,,,,,,,,,,,,,,,,,,,,,3,14
,,,,,,,,,,,,,,,,,,,,,,,,,,,,,,,,,,2,19
,,,,,,,,,,,,,,,,,,,,,,,,,,,,,,,,,,1,18
,,,,,,,,,,,,,,,,,,,,,,,,,,,,,,,,,,0,10
,,,,,,,,,,,,,,,,,,,,,,,,,,,,,,,,,,6,9
,,,,,,,,,,,,,,,,,,,,,,,,,,,,,,,,,,1,33
,,,,,,,,,,,,,,,,,,,,,,,,,,,,,,,,,,0,14
,,,,,,,,,,,,,,,,,,,,,,,,,,,,,,,,,,12,7
,,,,,,,,,,,,,,,,,,,,,,,,,,,,,,,,,,3,24
,,,,,,,,,,,,,,,,,,,,,,,,,,,,,,,,,,4,10
,,,,,,,,,,,,,,,,,,,,,,,,,,,,,,,,,,1,4
,,,,,,,,,,,,,,,,,,,,,,,,,,,,,,,,,,1,8
,,,,,,,,,,,,,,,,,,,,,,,,,,,,,,,,,,7,7
,,,,,,,,,,,,,,,,,,,,,,,,,,,,,,,,,,11,12
,,,,,,,,,,,,,,,,,,,,,,,,,,,,,,,,,,7,6
,,,,,,,,,,,,,,,,,,,,,,,,,,,,,,,,,,13,9
,,,,,,,,,,,,,,,,,,,,,,,,,,,,,,,,,,0,23
,,,,,,,,,,,,,,,,,,,,,,,,,,,,,,,,,,10,14
,,,,,,,,,,,,,,,,,,,,,,,,,,,,,,,,,,12,2
,,,,,,,,,,,,,,,,,,,,,,,,,,,,,,,,,,1,5
,,,,,,,,,,,,,,,,,,,,,,,,,,,,,,,,,,3,22
,,,,,,,,,,,,,,,,,,,,,,,,,,,,,,,,,,2,34
,,,,,,,,,,,,,,,,,,,,,,,,,,,,,,,,,,6,6
,,,,,,,,,,,,,,,,,,,,,,,,,,,,,,,,,,13,8
,,,,,,,,,,,,,,,,,,,,,,,,,,,,,,,,,,2,21
,,,,,,,,,,,,,,,,,,,,,,,,,,,,,,,,,,2,29
,,,,,,,,,,,,,,,,,,,,,,,,,,,,,,,,,,0,0
,,,,,,,,,,,,,,,,,,,,,,,,,,,,,,,,,,11,0
,,,,,,,,,,,,,,,,,,,,,,,,,,,,,,,,,,5,3
,,,,,,,,,,,,,,,,,,,,,,,,,,,,,,,,,,5,7
,,,,,,,,,,,,,,,,,,,,,,,,,,,,,,,,,,2,2
,,,,,,,,,,,,,,,,,,,,,,,,,,,,,,,,,,3,0
,,,,,,,,,,,,,,,,,,,,,,,,,,,,,,,,,,2,16
,,,,,,,,,,,,,,,,,,,,,,,,,,,,,,,,,,10,15
,,,,,,,,,,,,,,,,,,,,,,,,,,,,,,,,,,3,3
,,,,,,,,,,,,,,,,,,,,,,,,,,,,,,,,,,10,0
,,,,,,,,,,,,,,,,,,,,,,,,,,,,,,,,,,3,6
,,,,,,,,,,,,,,,,,,,,,,,,,,,,,,,,,,2,14
,,,,,,,,,,,,,,,,,,,,,,,,,,,,,,,,,,10,5
,,,,,,,,,,,,,,,,,,,,,,,,,,,,,,,,,,11,1
,,,,,,,,,,,,,,,,,,,,,,,,,,,,,,,,,,1,20
,,,,,,,,,,,,,,,,,,,,,,,,,,,,,,,,,,5,11
,,,,,,,,,,,,,,,,,,,,,,,,,,,,,,,,,,12,11
,,,,,,,,,,,,,,,,,,,,,,,,,,,,,,,,,,7,9
,,,,,,,,,,,,,,,,,,,,,,,,,,,,,,,,,,1,30
,,,,,,,,,,,,,,,,,,,,,,,,,,,,,,,,,,0,30
,,,,,,,,,,,,,,,,,,,,,,,,,,,,,,,,,,0,4
,,,,,,,,,,,,,,,,,,,,,,,,,,,,,,,,,,3,1
,,,,,,,,,,,,,,,,,,,,,,,,,,,,,,,,,,0,6
,,,,,,,,,,,,,,,,,,,,,,,,,,,,,,,,,,13,12
,,,,,,,,,,,,,,,,,,,,,,,,,,,,,,,,,,4,3
,,,,,,,,,,,,,,,,,,,,,,,,,,,,,,,,,,12,4
,,,,,,,,,,,,,,,,,,,,,,,,,,,,,,,,,,4,5
,,,,,,,,,,,,,,,,,,,,,,,,,,,,,,,,,,1,31
,,,,,,,,,,,,,,,,,,,,,,,,,,,,,,,,,,11,2
,,,,,,,,,,,,,,,,,,,,,,,,,,,,,,,,,,4,9
,,,,,,,,,,,,,,,,,,,,,,,,,,,,,,,,,,3,29
,,,,,,,,,,,,,,,,,,,,,,,,,,,,,,,,,,5,12
,,,,,,,,,,,,,,,,,,,,,,,,,,,,,,,,,,12,0
,,,,,,,,,,,,,,,,,,,,,,,,,,,,,,,,,,4,0
,,,,,,,,,,,,,,,,,,,,,,,,,,,,,,,,,,2,7
,,,,,,,,,,,,,,,,,,,,,,,,,,,,,,,,,,1,24
,,,,,,,,,,,,,,,,,,,,,,,,,,,,,,,,,,6,13
,,,,,,,,,,,,,,,,,,,,,,,,,,,,,,,,,,13,16
,,,,,,,,,,,,,,,,,,,,,,,,,,,,,,,,,,1,39
,,,,,,,,,,,,,,,,,,,,,,,,,,,,,,,,,,3,42
,,,,,,,,,,,,,,,,,,,,,,,,,,,,,,,,,,1,37
,,,,,,,,,,,,,,,,,,,,,,,,,,,,,,,,,,4,15
,,,,,,,,,,,,,,,,,,,,,,,,,,,,,,,,,,4,16
,,,,,,,,,,,,,,,,,,,,,,,,,,,,,,,,,,0,34
,,,,,,,,,,,,,,,,,,,,,,,,,,,,,,,,,,7,14
,,,,,,,,,,,,,,,,,,,,,,,,,,,,,,,,,,0,43
,,,,,,,,,,,,,,,,,,,,,,,,,,,,,,,,,,5,14
,,,,,,,,,,,,,,,,,,,,,,,,,,,,,,,,,,3,41
,,,,,,,,,,,,,,,,,,,,,,,,,,,,,,,,,,0,41
,,,,,,,,,,,,,,,,,,,,,,,,,,,,,,,,,,10,27
,,,,,,,,,,,,,,,,,,,,,,,,,,,,,,,,,,2,47
,,,,,,,,,,,,,,,,,,,,,,,,,,,,,,,,,,6,22
,,,,,,,,,,,,,,,,,,,,,,,,,,,,,,,,,,13,24
,,,,,,,,,,,,,,,,,,,,,,,,,,,,,,,,,,5,26
,,,,,,,,,,,,,,,,,,,,,,,,,,,,,,,,,,4,26
,,,,,,,,,,,,,,,,,,,,,,,,,,,,,,,,,,12,25
,,,,,,,,,,,,,,,,,,,,,,,,,,,,,,,,,,6,21
,,,,,,,,,,,,,,,,,,,,,,,,,,,,,,,,,,3,58
,,,,,,,,,,,,,,,,,,,,,,,,,,,,,,,,,,3,38
,,,,,,,,,,,,,,,,,,,,,,,,,,,,,,,,,,5,15
,,,,,,,,,,,,,,,,,,,,,,,,,,,,,,,,,,5,16
,,,,,,,,,,,,,,,,,,,,,,,,,,,,,,,,,,10,19
,,,,,,,,,,,,,,,,,,,,,,,,,,,,,,,,,,3,46
,,,,,,,,,,,,,,,,,,,,,,,,,,,,,,,,,,3,47
,,,,,,,,,,,,,,,,,,,,,,,,,,,,,,,,,,13,27
,,,,,,,,,,,,,,,,,,,,,,,,,,,,,,,,,,0,54
,,,,,,,,,,,,,,,,,,,,,,,,,,,,,,,,,,7,26
,,,,,,,,,,,,,,,,,,,,,,,,,,,,,,,,,,12,17
,,,,,,,,,,,,,,,,,,,,,,,,,,,,,,,,,,3,43
,,,,,,,,,,,,,,,,,,,,,,,,,,,,,,,,,,5,19
,,,,,,,,,,,,,,,,,,,,,,,,,,,,,,,,,,12,18
,,,,,,,,,,,,,,,,,,,,,,,,,,,,,,,,,,2,49
,,,,,,,,,,,,,,,,,,,,,,,,,,,,,,,,,,7,25
,,,,,,,,,,,,,,,,,,,,,,,,,,,,,,,,,,10,17
,,,,,,,,,,,,,,,,,,,,,,,,,,,,,,,,,,2,40
,,,,,,,,,,,,,,,,,,,,,,,,,,,,,,,,,,5,18
,,,,,,,,,,,,,,,,,,,,,,,,,,,,,,,,,,12,19
,,,,,,,,,,,,,,,,,,,,,,,,,,,,,,,,,,1,43
,,,,,,,,,,,,,,,,,,,,,,,,,,,,,,,,,,1,44
,,,,,,,,,,,,,,,,,,,,,,,,,,,,,,,,,,13,20
,,,,,,,,,,,,,,,,,,,,,,,,,,,,,,,,,,0,50
,,,,,,,,,,,,,,,,,,,,,,,,,,,,,,,,,,5,23
,,,,,,,,,,,,,,,,,,,,,,,,,,,,,,,,,,12,26
,,,,,,,,,,,,,,,,,,,,,,,,,,,,,,,,,,7,19
,,,,,,,,,,,,,,,,,,,,,,,,,,,,,,,,,,3,57
,,,,,,,,,,,,,,,,,,,,,,,,,,,,,,,,,,11,23
,,,,,,,,,,,,,,,,,,,,,,,,,,,,,,,,,,4,22
,,,,,,,,,,,,,,,,,,,,,,,,,,,,,,,,,,6,24
,,,,,,,,,,,,,,,,,,,,,,,,,,,,,,,,,,13,25
,,,,,,,,,,,,,,,,,,,,,,,,,,,,,,,,,,2,51
,,,,,,,,,,,,,,,,,,,,,,,,,,,,,,,,,,2,52
,,,,,,,,,,,,,,,,,,,,,,,,,,,,,,,,,,13,21
,,,,,,,,,,,,,,,,,,,,,,,,,,,,,,,,,,2,46
,,,,,,,,,,,,,,,,,,,,,,,,,,,,,,,,,,3,52
,,,,,,,,,,,,,,,,,,,,,,,,,,,,,,,,,,13,26
,,,,,,,,,,,,,,,,,,,,,,,,,,,,,,,,,,3,51
,,,,,,,,,,,,,,,,,,,,,,,,,,,,,,,,,,7,21
,,,,,,,,,,,,,,,,,,,,,,,,,,,,,,,,,,10,25
,,,,,,,,,,,,,,,,,,,,,,,,,,,,,,,,,,1,50
,,,,,,,,,,,,,,,,,,,,,,,,,,,,,,,,,,0,60
,,,,,,,,,,,,,,,,,,,,,,,,,,,,,,,,,,2,35
,,,,,,,,,,,,,,,,,,,,,,,,,,,,,,,,,,1,38
,,,,,,,,,,,,,,,,,,,,,,,,,,,,,,,,,,6,17
,,,,,,,,,,,,,,,,,,,,,,,,,,,,,,,,,,2,36
,,,,,,,,,,,,,,,,,,,,,,,,,,,,,,,,,,7,15
,,,,,,,,,,,,,,,,,,,,,,,,,,,,,,,,,,3,44
,,,,,,,,,,,,,,,,,,,,,,,,,,,,,,,,,,13,28
,,,,,,,,,,,,,,,,,,,,,,,,,,,,,,,,,,0,55
,,,,,,,,,,,,,,,,,,,,,,,,,,,,,,,,,,7,27
,,,,,,,,,,,,,,,,,,,,,,,,,,,,,,,,,,0,36
,,,,,,,,,,,,,,,,,,,,,,,,,,,,,,,,,,2,38
,,,,,,,,,,,,,,,,,,,,,,,,,,,,,,,,,,0,47
,,,,,,,,,,,,,,,,,,,,,,,,,,,,,,,,,,6,14
,,,,,,,,,,,,,,,,,,,,,,,,,,,,,,,,,,3,40
,,,,,,,,,,,,,,,,,,,,,,,,,,,,,,,,,,0,39
,,,,,,,,,,,,,,,,,,,,,,,,,,,,,,,,,,13,17
,,,,,,,,,,,,,,,,,,,,,,,,,,,,,,,,,,2,50
,,,,,,,,,,,,,,,,,,,,,,,,,,,,,,,,,,6,26
,,,,,,,,,,,,,,,,,,,,,,,,,,,,,,,,,,10,18
,,,,,,,,,,,,,,,,,,,,,,,,,,,,,,,,,,0,48
,,,,,,,,,,,,,,,,,,,,,,,,,,,,,,,,,,5,22
,,,,,,,,,,,,,,,,,,,,,,,,,,,,,,,,,,10,26
,,,,,,,,,,,,,,,,,,,,,,,,,,,,,,,,,,0,53
,,,,,,,,,,,,,,,,,,,,,,,,,,,,,,,,,,7,30
,,,,,,,,,,,,,,,,,,,,,,,,,,,,,,,,,,12,27
,,,,,,,,,,,,,,,,,,,,,,,,,,,,,,,,,,1,46
,,,,,,,,,,,,,,,,,,,,,,,,,,,,,,,,,,7,20
,,,,,,,,,,,,,,,,,,,,,,,,,,,,,,,,,,11,19
,,,,,,,,,,,,,,,,,,,,,,,,,,,,,,,,,,7,17
,,,,,,,,,,,,,,,,,,,,,,,,,,,,,,,,,,4,25
,,,,,,,,,,,,,,,,,,,,,,,,,,,,,,,,,,3,37
,,,,,,,,,,,,,,,,,,,,,,,,,,,,,,,,,,4,14
,,,,,,,,,,,,,,,,,,,,,,,,,,,,,,,,,,0,44
,,,,,,,,,,,,,,,,,,,,,,,,,,,,,,,,,,11,25
,,,,,,,,,,,,,,,,,,,,,,,,,,,,,,,,,,0,52
,,,,,,,,,,,,,,,,,,,,,,,,,,,,,,,,,,3,53
,,,,,,,,,,,,,,,,,,,,,,,,,,,,,,,,,,13,18
,,,,,,,,,,,,,,,,,,,,,,,,,,,,,,,,,,1,40
,,,,,,,,,,,,,,,,,,,,,,,,,,,,,,,,,,0,58
,,,,,,,,,,,,,,,,,,,,,,,,,,,,,,,,,,12,21
,,,,,,,,,,,,,,,,,,,,,,,,,,,,,,,,,,2,45
,,,,,,,,,,,,,,,,,,,,,,,,,,,,,,,,,,6,20
,,,,,,,,,,,,,,,,,,,,,,,,,,,,,,,,,,12,22
,,,,,,,,,,,,,,,,,,,,,,,,,,,,,,,,,,2,44
,,,,,,,,,,,,,,,,,,,,,,,,,,,,,,,,,,1,45
,,,,,,,,,,,,,,,,,,,,,,,,,,,,,,,,,,12,23
,,,,,,,,,,,,,,,,,,,,,,,,,,,,,,,,,,6,23
,,,,,,,,,,,,,,,,,,,,,,,,,,,,,,,,,,6,25
,,,,,,,,,,,,,,,,,,,,,,,,,,,,,,,,,,13,23
,,,,,,,,,,,,,,,,,,,,,,,,,,,,,,,,,,5,24
,,,,,,,,,,,,,,,,,,,,,,,,,,,,,,,,,,5,25
,,,,,,,,,,,,,,,,,,,,,,,,,,,,,,,,,,1,35
,,,,,,,,,,,,,,,,,,,,,,,,,,,,,,,,,,2,37
,,,,,,,,,,,,,,,,,,,,,,,,,,,,,,,,,,0,38
,,,,,,,,,,,,,,,,,,,,,,,,,,,,,,,,,,11,18
,,,,,,,,,,,,,,,,,,,,,,,,,,,,,,,,,,1,41
,,,,,,,,,,,,,,,,,,,,,,,,,,,,,,,,,,2,43
,,,,,,,,,,,,,,,,,,,,,,,,,,,,,,,,,,11,17
,,,,,,,,,,,,,,,,,,,,,,,,,,,,,,,,,,3,45
,,,,,,,,,,,,,,,,,,,,,,,,,,,,,,,,,,0,49
,,,,,,,,,,,,,,,,,,,,,,,,,,,,,,,,,,11,16
,,,,,,,,,,,,,,,,,,,,,,,,,,,,,,,,,,3,55
,,,,,,,,,,,,,,,,,,,,,,,,,,,,,,,,,,7,28
,,,,,,,,,,,,,,,,,,,,,,,,,,,,,,,,,,13,19
,,,,,,,,,,,,,,,,,,,,,,,,,,,,,,,,,,4,17
,,,,,,,,,,,,,,,,,,,,,,,,,,,,,,,,,,4,18
,,,,,,,,,,,,,,,,,,,,,,,,,,,,,,,,,,12,20
,,,,,,,,,,,,,,,,,,,,,,,,,,,,,,,,,,1,48
,,,,,,,,,,,,,,,,,,,,,,,,,,,,,,,,,,4,24
,,,,,,,,,,,,,,,,,,,,,,,,,,,,,,,,,,12,24
,,,,,,,,,,,,,,,,,,,,,,,,,,,,,,,,,,6,19
,,,,,,,,,,,,,,,,,,,,,,,,,,,,,,,,,,7,22
,,,,,,,,,,,,,,,,,,,,,,,,,,,,,,,,,,3,39
,,,,,,,,,,,,,,,,,,,,,,,,,,,,,,,,,,4,23
,,,,,,,,,,,,,,,,,,,,,,,,,,,,,,,,,,0,57
,,,,,,,,,,,,,,,,,,,,,,,,,,,,,,,,,,11,20
,,,,,,,,,,,,,,,,,,,,,,,,,,,,,,,,,,1,42
,,,,,,,,,,,,,,,,,,,,,,,,,,,,,,,,,,3,49
,,,,,,,,,,,,,,,,,,,,,,,,,,,,,,,,,,7,13
,,,,,,,,,,,,,,,,,,,,,,,,,,,,,,,,,,0,37
,,,,,,,,,,,,,,,,,,,,,,,,,,,,,,,,,,2,39
,,,,,,,,,,,,,,,,,,,,,,,,,,,,,,,,,,0,35
,,,,,,,,,,,,,,,,,,,,,,,,,,,,,,,,,,6,15
,,,,,,,,,,,,,,,,,,,,,,,,,,,,,,,,,,0,45
,,,,,,,,,,,,,,,,,,,,,,,,,,,,,,,,,,11,24
,,,,,,,,,,,,,,,,,,,,,,,,,,,,,,,,,,3,50
,,,,,,,,,,,,,,,,,,,,,,,,,,,,,,,,,,4,20
,,,,,,,,,,,,,,,,,,,,,,,,,,,,,,,,,,10,21
,,,,,,,,,,,,,,,,,,,,,,,,,,,,,,,,,,3,56
,,,,,,,,,,,,,,,,,,,,,,,,,,,,,,,,,,0,59
,,,,,,,,,,,,,,,,,,,,,,,,,,,,,,,,,,10,16
,,,,,,,,,,,,,,,,,,,,,,,,,,,,,,,,,,0,40
,,,,,,,,,,,,,,,,,,,,,,,,,,,,,,,,,,0,42
,,,,,,,,,,,,,,,,,,,,,,,,,,,,,,,,,,11,15
,,,,,,,,,,,,,,,,,,,,,,,,,,,,,,,,,,6,16
,,,,,,,,,,,,,,,,,,,,,,,,,,,,,,,,,,0,46
,,,,,,,,,,,,,,,,,,,,,,,,,,,,,,,,,,13,22
,,,,,,,,,,,,,,,,,,,,,,,,,,,,,,,,,,1,49
,,,,,,,,,,,,,,,,,,,,,,,,,,,,,,,,,,5,27
,,,,,,,,,,,,,,,,,,,,,,,,,,,,,,,,,,11,26
,,,,,,,,,,,,,,,,,,,,,,,,,,,,,,,,,,3,54
,,,,,,,,,,,,,,,,,,,,,,,,,,,,,,,,,,7,24
,,,,,,,,,,,,,,,,,,,,,,,,,,,,,,,,,,11,21
,,,,,,,,,,,,,,,,,,,,,,,,,,,,,,,,,,0,56
,,,,,,,,,,,,,,,,,,,,,,,,,,,,,,,,,,1,51
,,,,,,,,,,,,,,,,,,,,,,,,,,,,,,,,,,10,20
,,,,,,,,,,,,,,,,,,,,,,,,,,,,,,,,,,6,18
,,,,,,,,,,,,,,,,,,,,,,,,,,,,,,,,,,3,48
,,,,,,,,,,,,,,,,,,,,,,,,,,,,,,,,,,10,23
,,,,,,,,,,,,,,,,,,,,,,,,,,,,,,,,,,4,19
,,,,,,,,,,,,,,,,,,,,,,,,,,,,,,,,,,7,29
,,,,,,,,,,,,,,,,,,,,,,,,,,,,,,,,,,10,22
,,,,,,,,,,,,,,,,,,,,,,,,,,,,,,,,,,5,20
,,,,,,,,,,,,,,,,,,,,,,,,,,,,,,,,,,0,51
,,,,,,,,,,,,,,,,,,,,,,,,,,,,,,,,,,4,13
,,,,,,,,,,,,,,,,,,,,,,,,,,,,,,,,,,5,17
,,,,,,,,,,,,,,,,,,,,,,,,,,,,,,,,,,7,16
,,,,,,,,,,,,,,,,,,,,,,,,,,,,,,,,,,10,24
,,,,,,,,,,,,,,,,,,,,,,,,,,,,,,,,,,5,21
,,,,,,,,,,,,,,,,,,,,,,,,,,,,,,,,,,2,48
,,,,,,,,,,,,,,,,,,,,,,,,,,,,,,,,,,11,22
,,,,,,,,,,,,,,,,,,,,,,,,,,,,,,,,,,7,18
,,,,,,,,,,,,,,,,,,,,,,,,,,,,,,,,,,4,21
,,,,,,,,,,,,,,,,,,,,,,,,,,,,,,,,,,1,36
,,,,,,,,,,,,,,,,,,,,,,,,,,,,,,,,,,1,47
,,,,,,,,,,,,,,,,,,,,,,,,,,,,,,,,,,7,23
,,,,,,,,,,,,,,,,,,,,,,,,,,,,,,,,,,12,16
,,,,,,,,,,,,,,,,,,,,,,,,,,,,,,,,,,2,41
,,,,,,,,,,,,,,,,,,,,,,,,,,,,,,,,,,2,42
,,,,,,,,,,,,,,,,,,,,,,,,,,,,,,,,,,1,52
